URL,FIRST_COMMIT
https://github.com/DragaDoncila/tracking-challenge-demo,2022-05-03T01:47:42Z
https://github.com/GiorgiaTortora/napari-roi-registration,2022-04-29T16:15:04Z
https://github.com/dstansby/napari-matplotlib,2022-04-29T12:14:56Z
https://github.com/tlambert03/napari-manual-transforms,2022-04-25T17:11:45Z
https://github.com/andreabassi78/napari-psf-simulator,2022-04-14T14:34:36Z
https://github.com/GiorgiaTortora/napari-power-spectrum,2022-04-04T13:50:49Z
https://github.com/HelmholtzAI-Consultants-Munich/napari-organoid-counter,2022-04-01T12:38:50Z
https://github.com/mapmanager/napari-layer-table,2022-03-09T03:37:46Z
https://github.com/andy-sweet/napari-blob-detection,2022-03-09T00:19:24Z
https://github.com/loicsauteur/napari-annotator,2022-03-04T07:53:08Z
https://github.com/haesleinhuepf/napari-assistant,2022-02-26T14:35:00Z
https://github.com/nickdelgrosso/napari-video-cvdask,2022-02-24T00:47:06Z
https://github.com/zoccoler/napari-metroid,2022-02-23T13:52:19Z
https://github.com/tcotte/napari-IDS,2022-02-17T10:38:07Z
https://github.com/bgraedel/arcos-gui,2022-02-14T11:48:24Z
https://github.com/haesleinhuepf/napari-process-points-and-surfaces,2022-02-04T22:48:39Z
https://github.com/tlambert03/napari-error-reporter,2022-02-01T13:34:22Z
https://github.com/nhpatterson/napari-wsireg,2022-01-29T14:15:51Z
https://github.com/kevinyamauchi/morphometrics,2022-01-27T11:25:52Z
https://github.com/fmi-faim/napari-psf-analysis,2022-01-19T14:32:34Z
https://github.com/pranjaldhole/napari-labelling-assistant,2022-01-19T09:22:03Z
https://github.com/zcqwh/iacs_ipac_reader,2022-01-19T07:42:01Z
https://github.com/bkntr/napari-bigwarp,2022-01-18T09:33:23Z
https://github.com/zacsimile/napari-math,2022-01-17T23:16:06Z